match_id,neutral_venue,toss_winner,toss_decision,eliminator
335982,0,Royal Challengers Bangalore,field,N
335983,0,Chennai Super Kings,bat,N
335984,0,Rajasthan Royals,bat,N
335985,0,Mumbai Indians,bat,N
335986,0,Deccan Chargers,bat,N
335987,0,Kings XI Punjab,bat,N
335988,0,Deccan Chargers,bat,N
335989,0,Mumbai Indians,field,N
335990,0,Rajasthan Royals,field,N
335991,0,Mumbai Indians,field,N
335992,0,Rajasthan Royals,field,N
335993,0,Kolkata Knight Riders,bat,N
335994,0,Deccan Chargers,field,N
335995,0,Delhi Daredevils,bat,N
335996,0,Chennai Super Kings,bat,N
335997,0,Kolkata Knight Riders,bat,N
335998,0,Royal Challengers Bangalore,field,N
335999,0,Kings XI Punjab,field,N
336000,0,Rajasthan Royals,bat,N
336001,0,Chennai Super Kings,bat,N
336002,0,Deccan Chargers,bat,N
336003,0,Kings XI Punjab,bat,N
336004,0,Delhi Daredevils,field,N
336005,0,Chennai Super Kings,bat,N
336006,0,Kings XI Punjab,field,N
336007,0,Deccan Chargers,field,N
336008,0,Mumbai Indians,field,N
336009,0,Chennai Super Kings,field,N
336010,0,Kolkata Knight Riders,bat,N
336011,0,Rajasthan Royals,field,N
336012,0,Mumbai Indians,field,N
336013,0,Kings XI Punjab,field,N
336014,0,Kolkata Knight Riders,bat,N
336015,0,Rajasthan Royals,field,N
336016,0,Royal Challengers Bangalore,bat,N
336017,0,Kolkata Knight Riders,bat,N
336018,0,Mumbai Indians,field,N
336019,0,Rajasthan Royals,field,N
336020,0,Deccan Chargers,field,N
336021,0,Mumbai Indians,field,N
336022,0,Delhi Daredevils,bat,N
336023,0,Royal Challengers Bangalore,field,N
336024,0,Deccan Chargers,field,N
336025,0,Kolkata Knight Riders,bat,N
336026,0,Delhi Daredevils,field,N
336027,0,Rajasthan Royals,field,N
336028,0,Mumbai Indians,field,N
336029,0,Royal Challengers Bangalore,bat,N
336031,0,Kings XI Punjab,field,N
336032,0,Delhi Daredevils,field,N
336033,0,Rajasthan Royals,bat,N
336034,0,Deccan Chargers,field,N
336035,0,Kings XI Punjab,bat,N
336036,0,Rajasthan Royals,field,N
336037,0,Deccan Chargers,bat,N
336038,0,Delhi Daredevils,field,N
336039,0,Kings XI Punjab,bat,N
336040,0,Rajasthan Royals,field,N
392181,1,Chennai Super Kings,field,N
392182,1,Royal Challengers Bangalore,bat,N
392183,1,Delhi Daredevils,field,N
392184,1,Kolkata Knight Riders,bat,N
392185,1,Chennai Super Kings,bat,N
392186,1,Kolkata Knight Riders,field,N
392188,1,Deccan Chargers,bat,N
392189,1,Delhi Daredevils,bat,N
392190,1,Kolkata Knight Riders,field,Y
392191,1,Royal Challengers Bangalore,bat,N
392192,1,Deccan Chargers,bat,N
392194,1,Royal Challengers Bangalore,bat,N
392195,1,Kings XI Punjab,bat,N
392196,1,Deccan Chargers,field,N
392197,1,Mumbai Indians,bat,N
392198,1,Delhi Daredevils,bat,N
392199,1,Kolkata Knight Riders,bat,N
392200,1,Kings XI Punjab,bat,N
392201,1,Delhi Daredevils,field,N
392202,1,Rajasthan Royals,field,N
392203,1,Mumbai Indians,bat,N
392204,1,Royal Challengers Bangalore,bat,N
392205,1,Deccan Chargers,bat,N
392206,1,Delhi Daredevils,field,N
392207,1,Kolkata Knight Riders,bat,N
392208,1,Mumbai Indians,bat,N
392209,1,Chennai Super Kings,bat,N
392210,1,Kings XI Punjab,field,N
392211,1,Kolkata Knight Riders,bat,N
392212,1,Deccan Chargers,bat,N
392213,1,Rajasthan Royals,field,N
392214,1,Chennai Super Kings,bat,N
392215,1,Mumbai Indians,bat,N
392216,1,Kings XI Punjab,field,N
392217,1,Rajasthan Royals,bat,N
392218,1,Mumbai Indians,bat,N
392219,1,Delhi Daredevils,field,N
392220,1,Deccan Chargers,bat,N
392221,1,Royal Challengers Bangalore,field,N
392222,1,Kings XI Punjab,bat,N
392223,1,Deccan Chargers,field,N
392224,1,Chennai Super Kings,bat,N
392225,1,Rajasthan Royals,bat,N
392226,1,Kings XI Punjab,field,N
392227,1,Mumbai Indians,bat,N
392228,1,Deccan Chargers,field,N
392229,1,Deccan Chargers,field,N
392230,1,Delhi Daredevils,bat,N
392231,1,Chennai Super Kings,bat,N
392232,1,Delhi Daredevils,bat,N
392233,1,Kolkata Knight Riders,field,N
392234,1,Chennai Super Kings,bat,N
392235,1,Delhi Daredevils,field,N
392236,1,Royal Challengers Bangalore,bat,N
392237,1,Deccan Chargers,field,N
392238,1,Royal Challengers Bangalore,field,N
392239,1,Royal Challengers Bangalore,field,N
419106,0,Deccan Chargers,field,N
419107,0,Mumbai Indians,bat,N
419108,0,Delhi Daredevils,field,N
419109,0,Kolkata Knight Riders,field,N
419110,0,Deccan Chargers,bat,N
419111,0,Delhi Daredevils,field,N
419112,0,Kings XI Punjab,bat,N
419113,0,Chennai Super Kings,bat,N
419114,0,Delhi Daredevils,field,N
419115,0,Royal Challengers Bangalore,field,N
419116,0,Delhi Daredevils,bat,N
419117,0,Kings XI Punjab,field,N
419118,0,Rajasthan Royals,bat,N
419119,0,Mumbai Indians,bat,N
419120,0,Deccan Chargers,bat,N
419121,0,Chennai Super Kings,field,Y
419122,0,Kolkata Knight Riders,bat,N
419123,0,Chennai Super Kings,field,N
419124,0,Kings XI Punjab,field,N
419125,0,Mumbai Indians,field,N
419126,0,Deccan Chargers,bat,N
419127,0,Kolkata Knight Riders,bat,N
419128,0,Royal Challengers Bangalore,field,N
419129,0,Rajasthan Royals,bat,N
419130,0,Deccan Chargers,field,N
419131,0,Delhi Daredevils,bat,N
419132,0,Mumbai Indians,field,N
419133,0,Royal Challengers Bangalore,bat,N
419134,0,Delhi Daredevils,bat,N
419135,0,Kolkata Knight Riders,bat,N
419136,0,Kings XI Punjab,bat,N
419137,0,Chennai Super Kings,bat,N
419138,0,Mumbai Indians,bat,N
419139,0,Kolkata Knight Riders,bat,N
419140,0,Delhi Daredevils,bat,N
419141,0,Rajasthan Royals,bat,N
419142,0,Chennai Super Kings,bat,N
419143,0,Kings XI Punjab,bat,N
419144,0,Kolkata Knight Riders,bat,N
419145,0,Deccan Chargers,field,N
419146,0,Mumbai Indians,bat,N
419147,0,Chennai Super Kings,bat,N
419148,0,Royal Challengers Bangalore,field,N
419149,0,Delhi Daredevils,bat,N
419150,0,Rajasthan Royals,field,N
419151,0,Royal Challengers Bangalore,field,N
419152,0,Mumbai Indians,bat,N
419153,0,Kolkata Knight Riders,bat,N
419154,0,Rajasthan Royals,bat,N
419155,0,Chennai Super Kings,bat,N
419156,0,Deccan Chargers,field,N
419157,0,Royal Challengers Bangalore,field,N
419158,0,Rajasthan Royals,bat,N
419159,0,Chennai Super Kings,field,N
419160,0,Deccan Chargers,bat,N
419161,0,Mumbai Indians,bat,N
419162,0,Mumbai Indians,bat,N
419163,0,Chennai Super Kings,bat,N
419164,0,Deccan Chargers,bat,N
419165,0,Chennai Super Kings,bat,N
501198,0,Chennai Super Kings,bat,N
501199,0,Rajasthan Royals,field,N
501200,0,Kochi Tuskers Kerala,bat,N
501201,0,Delhi Daredevils,bat,N
501202,0,Kings XI Punjab,bat,N
501203,0,Kolkata Knight Riders,bat,N
501204,0,Delhi Daredevils,bat,N
501205,0,Mumbai Indians,field,N
501206,0,Kings XI Punjab,field,N
501207,0,Kochi Tuskers Kerala,bat,N
501208,0,Royal Challengers Bangalore,field,N
501209,0,Kolkata Knight Riders,field,N
501210,0,Kochi Tuskers Kerala,field,N
501211,0,Chennai Super Kings,bat,N
501212,0,Kings XI Punjab,field,N
501213,0,Delhi Daredevils,field,N
501214,0,Kolkata Knight Riders,field,N
501215,0,Kochi Tuskers Kerala,field,N
501216,0,Deccan Chargers,bat,N
501218,0,Pune Warriors,bat,N
501219,0,Kolkata Knight Riders,field,N
501220,0,Rajasthan Royals,field,N
501221,0,Chennai Super Kings,field,N
501222,0,Royal Challengers Bangalore,field,N
501223,0,Kings XI Punjab,field,N
501224,0,Deccan Chargers,field,N
501225,0,Rajasthan Royals,field,N
501226,0,Pune Warriors,field,N
501227,0,Royal Challengers Bangalore,field,N
501228,0,Pune Warriors,bat,N
501229,0,Kochi Tuskers Kerala,field,N
501230,0,Delhi Daredevils,field,N
501231,0,Rajasthan Royals,field,N
501232,0,Pune Warriors,field,N
501233,0,Delhi Daredevils,bat,N
501234,0,Kolkata Knight Riders,field,N
501235,0,Rajasthan Royals,field,N
501236,0,Chennai Super Kings,bat,N
501237,0,Kings XI Punjab,field,N
501238,0,Kochi Tuskers Kerala,field,N
501239,0,Deccan Chargers,field,N
501240,0,Rajasthan Royals,bat,N
501241,0,Pune Warriors,field,N
501242,0,Kolkata Knight Riders,field,N
501243,0,Delhi Daredevils,field,N
501244,0,Kings XI Punjab,field,N
501245,0,Chennai Super Kings,bat,N
501246,0,Delhi Daredevils,field,N
501247,0,Kochi Tuskers Kerala,bat,N
501248,0,Kings XI Punjab,bat,N
501249,0,Rajasthan Royals,field,N
501250,0,Deccan Chargers,bat,N
501251,0,Mumbai Indians,field,N
501252,0,Royal Challengers Bangalore,field,N
501253,0,Chennai Super Kings,bat,N
501254,0,Kings XI Punjab,field,N
501255,0,Royal Challengers Bangalore,field,N
501256,0,Deccan Chargers,bat,N
501257,0,Delhi Daredevils,field,N
501258,0,Kochi Tuskers Kerala,field,N
501259,0,Deccan Chargers,field,N
501260,0,Kings XI Punjab,bat,N
501261,0,Chennai Super Kings,bat,N
501262,0,Kolkata Knight Riders,field,N
501263,0,Mumbai Indians,bat,N
501264,0,Kings XI Punjab,field,N
501265,0,Delhi Daredevils,bat,NA
501266,0,Royal Challengers Bangalore,field,N
501267,0,Mumbai Indians,field,N
501268,0,Chennai Super Kings,field,N
501269,0,Mumbai Indians,field,N
501270,0,Mumbai Indians,field,N
501271,0,Chennai Super Kings,bat,N
548306,0,Mumbai Indians,field,N
548307,0,Delhi Daredevils,field,N
548308,0,Mumbai Indians,field,N
548309,0,Kings XI Punjab,field,N
548310,0,Delhi Daredevils,field,N
548311,0,Deccan Chargers,field,N
548312,0,Kolkata Knight Riders,field,N
548313,0,Pune Warriors,bat,N
548314,0,Deccan Chargers,bat,N
548315,0,Royal Challengers Bangalore,field,N
548316,0,Delhi Daredevils,field,N
548317,0,Rajasthan Royals,field,N
548318,0,Royal Challengers Bangalore,bat,N
548319,0,Kings XI Punjab,field,N
548320,0,Rajasthan Royals,bat,N
548321,0,Deccan Chargers,bat,N
548322,0,Chennai Super Kings,bat,N
548323,0,Kolkata Knight Riders,field,N
548324,0,Rajasthan Royals,bat,N
548325,0,Delhi Daredevils,field,N
548326,0,Deccan Chargers,bat,N
548327,0,Pune Warriors,bat,N
548328,0,Kings XI Punjab,bat,N
548329,0,Deccan Chargers,bat,N
548330,0,Pune Warriors,field,N
548331,0,Royal Challengers Bangalore,field,N
548332,0,Rajasthan Royals,bat,N
548333,0,Delhi Daredevils,field,N
548334,0,Mumbai Indians,bat,N
548335,0,Kolkata Knight Riders,field,N
548336,0,Rajasthan Royals,field,N
548337,0,Pune Warriors,bat,N
548339,0,Kings XI Punjab,bat,N
548341,0,Deccan Chargers,bat,N
548342,0,Mumbai Indians,field,N
548343,0,Kings XI Punjab,bat,N
548344,0,Kolkata Knight Riders,bat,N
548345,0,Delhi Daredevils,bat,N
548346,0,Mumbai Indians,field,N
548347,0,Chennai Super Kings,bat,N
548348,0,Deccan Chargers,bat,N
548349,0,Rajasthan Royals,bat,N
548350,0,Kings XI Punjab,field,N
548351,0,Mumbai Indians,bat,N
548352,0,Chennai Super Kings,bat,N
548353,0,Kolkata Knight Riders,bat,N
548354,0,Rajasthan Royals,bat,N
548355,0,Mumbai Indians,field,N
548356,0,Royal Challengers Bangalore,field,N
548357,0,Delhi Daredevils,bat,N
548358,0,Pune Warriors,bat,N
548359,0,Deccan Chargers,field,N
548360,0,Royal Challengers Bangalore,field,N
548361,0,Chennai Super Kings,field,N
548362,0,Pune Warriors,field,N
548363,0,Mumbai Indians,bat,N
548364,0,Chennai Super Kings,field,N
548365,0,Rajasthan Royals,bat,N
548366,0,Deccan Chargers,bat,N
548367,0,Mumbai Indians,field,N
548368,0,Chennai Super Kings,field,N
548369,0,Kings XI Punjab,bat,N
548370,0,Mumbai Indians,field,N
548371,0,Kings XI Punjab,field,N
548372,0,Delhi Daredevils,field,N
548373,0,Rajasthan Royals,bat,N
548374,0,Delhi Daredevils,field,N
548375,0,Kolkata Knight Riders,bat,N
548376,0,Royal Challengers Bangalore,field,N
548377,0,Rajasthan Royals,bat,N
548378,0,Kolkata Knight Riders,bat,N
548379,0,Mumbai Indians,field,N
548380,0,Delhi Daredevils,field,N
548381,0,Chennai Super Kings,bat,N
597998,0,Kolkata Knight Riders,field,N
597999,0,Mumbai Indians,field,N
598000,0,Pune Warriors,field,N
598001,0,Rajasthan Royals,bat,N
598002,0,Mumbai Indians,bat,N
598003,0,Pune Warriors,bat,N
598004,0,Royal Challengers Bangalore,bat,Y
598005,0,Kolkata Knight Riders,field,N
598006,0,Mumbai Indians,bat,N
598007,0,Chennai Super Kings,field,N
598008,0,Royal Challengers Bangalore,field,N
598009,0,Rajasthan Royals,bat,N
598010,0,Delhi Daredevils,bat,N
598011,0,Mumbai Indians,bat,N
598012,0,Chennai Super Kings,field,N
598013,0,Kolkata Knight Riders,bat,N
598014,0,Rajasthan Royals,field,N
598015,0,Pune Warriors,bat,N
598016,0,Kolkata Knight Riders,field,N
598017,0,Royal Challengers Bangalore,field,Y
598018,0,Pune Warriors,field,N
598019,0,Rajasthan Royals,bat,N
598020,0,Chennai Super Kings,bat,N
598021,0,Kings XI Punjab,bat,N
598022,0,Kolkata Knight Riders,bat,N
598023,0,Royal Challengers Bangalore,field,N
598024,0,Mumbai Indians,bat,N
598025,0,Kings XI Punjab,field,N
598026,0,Rajasthan Royals,bat,N
598027,0,Pune Warriors,field,N
598028,0,Delhi Daredevils,field,N
598029,0,Kolkata Knight Riders,bat,N
598030,0,Sunrisers Hyderabad,bat,N
598031,0,Kings XI Punjab,bat,N
598032,0,Sunrisers Hyderabad,bat,N
598033,0,Mumbai Indians,bat,N
598034,0,Kolkata Knight Riders,field,N
598035,0,Pune Warriors,field,N
598036,0,Rajasthan Royals,field,N
598037,0,Mumbai Indians,bat,N
598038,0,Chennai Super Kings,bat,N
598039,0,Mumbai Indians,bat,N
598040,0,Kolkata Knight Riders,bat,N
598041,0,Chennai Super Kings,bat,N
598042,0,Royal Challengers Bangalore,bat,N
598043,0,Rajasthan Royals,bat,N
598044,0,Delhi Daredevils,bat,N
598045,0,Kings XI Punjab,field,N
598046,0,Mumbai Indians,bat,N
598047,0,Pune Warriors,bat,N
598048,0,Sunrisers Hyderabad,bat,N
598049,0,Delhi Daredevils,bat,N
598050,0,Mumbai Indians,bat,N
598051,0,Sunrisers Hyderabad,field,N
598052,0,Rajasthan Royals,field,N
598053,0,Kolkata Knight Riders,bat,N
598054,0,Delhi Daredevils,field,N
598055,0,Pune Warriors,bat,N
598056,0,Kings XI Punjab,field,N
598057,0,Kolkata Knight Riders,field,N
598058,0,Rajasthan Royals,field,N
598059,0,Kings XI Punjab,field,N
598060,0,Sunrisers Hyderabad,bat,N
598061,0,Kolkata Knight Riders,field,N
598062,0,Chennai Super Kings,bat,N
598063,0,Rajasthan Royals,field,N
598064,0,Kings XI Punjab,field,N
598065,0,Sunrisers Hyderabad,bat,N
598066,0,Mumbai Indians,field,N
598067,0,Pune Warriors,bat,N
598068,0,Chennai Super Kings,field,N
598069,0,Kolkata Knight Riders,bat,N
598070,0,Chennai Super Kings,bat,N
598071,0,Sunrisers Hyderabad,bat,N
598072,0,Rajasthan Royals,bat,N
598073,0,Mumbai Indians,bat,N
729279,1,Kolkata Knight Riders,bat,N
729281,1,Royal Challengers Bangalore,field,N
729283,1,Chennai Super Kings,bat,N
729285,1,Rajasthan Royals,field,N
729287,1,Royal Challengers Bangalore,field,N
729289,1,Kolkata Knight Riders,bat,N
729291,1,Kings XI Punjab,field,N
729293,1,Chennai Super Kings,bat,N
729295,1,Sunrisers Hyderabad,field,N
729297,1,Rajasthan Royals,field,N
729299,1,Royal Challengers Bangalore,field,N
729301,1,Sunrisers Hyderabad,bat,N
729303,1,Mumbai Indians,bat,N
729305,1,Rajasthan Royals,field,N
729307,1,Kolkata Knight Riders,field,N
729309,1,Mumbai Indians,bat,N
729311,1,Sunrisers Hyderabad,bat,N
729313,1,Kings XI Punjab,field,N
729315,1,Rajasthan Royals,bat,Y
729317,1,Mumbai Indians,field,N
733971,0,Chennai Super Kings,bat,N
733973,0,Kings XI Punjab,bat,N
733975,0,Rajasthan Royals,field,N
733977,0,Royal Challengers Bangalore,field,N
733979,0,Kolkata Knight Riders,field,N
733981,0,Chennai Super Kings,field,N
733983,0,Royal Challengers Bangalore,field,N
733985,0,Delhi Daredevils,bat,N
733987,0,Chennai Super Kings,field,N
733989,0,Rajasthan Royals,field,N
733991,0,Royal Challengers Bangalore,field,N
733993,0,Sunrisers Hyderabad,field,N
733995,0,Chennai Super Kings,field,N
733997,0,Kolkata Knight Riders,field,N
733999,0,Royal Challengers Bangalore,bat,N
734001,0,Sunrisers Hyderabad,bat,N
734003,0,Rajasthan Royals,bat,N
734005,0,Delhi Daredevils,field,N
734007,0,Kings XI Punjab,field,N
734009,0,Kolkata Knight Riders,field,N
734011,0,Delhi Daredevils,field,N
734013,0,Chennai Super Kings,bat,N
734015,0,Sunrisers Hyderabad,bat,N
734017,0,Mumbai Indians,bat,N
734019,0,Kings XI Punjab,field,N
734021,0,Royal Challengers Bangalore,bat,N
734023,0,Kolkata Knight Riders,field,N
734025,0,Mumbai Indians,field,N
734027,0,Royal Challengers Bangalore,field,N
734029,0,Sunrisers Hyderabad,field,N
734031,0,Delhi Daredevils,field,N
734033,0,Rajasthan Royals,field,N
734035,0,Chennai Super Kings,field,N
734037,0,Kolkata Knight Riders,field,N
734039,0,Kings XI Punjab,field,N
734041,0,Mumbai Indians,field,N
734043,0,Kings XI Punjab,field,N
734045,0,Chennai Super Kings,field,N
734047,0,Chennai Super Kings,field,N
734049,0,Kolkata Knight Riders,field,N
829705,0,Kolkata Knight Riders,field,N
829707,0,Delhi Daredevils,field,N
829709,0,Kings XI Punjab,field,N
829711,0,Chennai Super Kings,bat,N
829713,0,Royal Challengers Bangalore,field,N
829715,0,Rajasthan Royals,field,N
829717,0,Mumbai Indians,field,N
829719,0,Sunrisers Hyderabad,field,N
829721,0,Mumbai Indians,bat,N
829723,0,Kolkata Knight Riders,field,N
829725,0,Kings XI Punjab,bat,N
829727,0,Rajasthan Royals,field,N
829729,0,Mumbai Indians,bat,N
829731,0,Delhi Daredevils,bat,N
829733,0,Kolkata Knight Riders,field,N
829735,0,Chennai Super Kings,bat,N
829737,0,Royal Challengers Bangalore,field,N
829739,0,Kolkata Knight Riders,field,N
829741,0,Kings XI Punjab,field,Y
829743,0,Kolkata Knight Riders,field,N
829745,0,Royal Challengers Bangalore,field,N
829747,0,Mumbai Indians,field,N
829749,0,Royal Challengers Bangalore,field,N
829751,0,Mumbai Indians,bat,N
829753,0,Chennai Super Kings,bat,N
829757,0,Royal Challengers Bangalore,field,N
829759,0,Kings XI Punjab,field,N
829761,0,Kolkata Knight Riders,bat,N
829763,0,Rajasthan Royals,field,NA
829765,0,Kolkata Knight Riders,field,N
829767,0,Delhi Daredevils,field,N
829769,0,Rajasthan Royals,field,N
829771,0,Royal Challengers Bangalore,field,N
829773,0,Chennai Super Kings,field,N
829775,0,Mumbai Indians,bat,N
829777,0,Delhi Daredevils,field,N
829779,0,Chennai Super Kings,bat,N
829781,0,Sunrisers Hyderabad,field,N
829783,0,Delhi Daredevils,bat,N
829785,0,Kings XI Punjab,field,N
829787,0,Rajasthan Royals,field,N
829789,0,Chennai Super Kings,bat,N
829791,0,Kings XI Punjab,bat,N
829793,0,Sunrisers Hyderabad,bat,N
829795,0,Royal Challengers Bangalore,bat,N
829797,0,Chennai Super Kings,bat,N
829799,0,Sunrisers Hyderabad,bat,N
829801,0,Chennai Super Kings,bat,N
829803,0,Royal Challengers Bangalore,field,N
829805,0,Kolkata Knight Riders,field,N
829807,0,Sunrisers Hyderabad,bat,N
829809,0,Kings XI Punjab,bat,N
829811,0,Rajasthan Royals,bat,N
829813,0,Royal Challengers Bangalore,field,NA
829815,0,Sunrisers Hyderabad,bat,N
829817,0,Mumbai Indians,bat,N
829819,0,Royal Challengers Bangalore,bat,N
829821,0,Chennai Super Kings,field,N
829823,0,Chennai Super Kings,field,N
980901,0,Mumbai Indians,bat,N
980903,0,Kolkata Knight Riders,field,N
980905,0,Gujarat Lions,field,N
980907,0,Sunrisers Hyderabad,field,N
980909,0,Mumbai Indians,field,N
980911,0,Rising Pune Supergiants,bat,N
980913,0,Delhi Daredevils,field,N
980915,0,Sunrisers Hyderabad,bat,N
980917,0,Gujarat Lions,field,N
980919,0,Rising Pune Supergiants,bat,N
980921,0,Delhi Daredevils,field,N
980923,0,Sunrisers Hyderabad,field,N
980925,0,Kolkata Knight Riders,field,N
980927,0,Mumbai Indians,field,N
980929,0,Sunrisers Hyderabad,field,N
980931,0,Rising Pune Supergiants,field,N
980933,0,Mumbai Indians,field,N
980935,0,Sunrisers Hyderabad,field,N
980937,0,Royal Challengers Bangalore,bat,N
980939,0,Kolkata Knight Riders,field,N
980941,0,Kings XI Punjab,field,N
980943,0,Rising Pune Supergiants,field,N
980945,0,Delhi Daredevils,field,N
980947,0,Mumbai Indians,field,N
980949,0,Gujarat Lions,field,N
980951,0,Kolkata Knight Riders,field,N
980953,0,Royal Challengers Bangalore,field,N
980955,0,Gujarat Lions,field,N
980957,0,Mumbai Indians,field,N
980959,0,Kolkata Knight Riders,field,N
980961,0,Delhi Daredevils,field,N
980963,0,Kings XI Punjab,field,N
980965,0,Rising Pune Supergiants,field,N
980967,0,Sunrisers Hyderabad,field,N
980969,0,Royal Challengers Bangalore,field,N
980971,0,Delhi Daredevils,field,N
980973,0,Mumbai Indians,field,N
980975,0,Gujarat Lions,field,N
980977,0,Kings XI Punjab,field,N
980979,0,Sunrisers Hyderabad,bat,N
980981,0,Mumbai Indians,field,N
980983,0,Delhi Daredevils,field,N
980985,0,Mumbai Indians,bat,N
980987,0,Gujarat Lions,field,N
980989,0,Rising Pune Supergiants,bat,N
980991,0,Kings XI Punjab,bat,N
980993,0,Delhi Daredevils,field,N
980995,0,Royal Challengers Bangalore,field,N
980997,0,Rising Pune Supergiants,field,N
980999,0,Kings XI Punjab,field,N
981001,0,Gujarat Lions,field,N
981003,0,Delhi Daredevils,field,N
981005,0,Kings XI Punjab,bat,N
981007,0,Gujarat Lions,field,N
981009,0,Sunrisers Hyderabad,field,N
981011,0,Royal Challengers Bangalore,field,N
981013,0,Royal Challengers Bangalore,field,N
981015,0,Kolkata Knight Riders,field,N
981017,0,Sunrisers Hyderabad,field,N
981019,0,Sunrisers Hyderabad,bat,N
1082591,0,Royal Challengers Bangalore,field,N
1082592,0,Rising Pune Supergiant,field,N
1082593,0,Kolkata Knight Riders,field,N
1082594,0,Kings XI Punjab,field,N
1082595,0,Royal Challengers Bangalore,bat,N
1082596,0,Sunrisers Hyderabad,field,N
1082597,0,Mumbai Indians,field,N
1082598,0,Royal Challengers Bangalore,bat,N
1082599,0,Rising Pune Supergiant,field,N
1082600,0,Mumbai Indians,field,N
1082601,0,Kolkata Knight Riders,field,N
1082602,0,Mumbai Indians,field,N
1082603,0,Gujarat Lions,field,N
1082604,0,Sunrisers Hyderabad,field,N
1082605,0,Delhi Daredevils,bat,N
1082606,0,Mumbai Indians,field,N
1082607,0,Royal Challengers Bangalore,field,N
1082608,0,Delhi Daredevils,bat,N
1082609,0,Kings XI Punjab,field,N
1082610,0,Gujarat Lions,field,N
1082611,0,Sunrisers Hyderabad,bat,N
1082612,0,Mumbai Indians,field,N
1082613,0,Gujarat Lions,field,N
1082614,0,Delhi Daredevils,field,N
1082615,0,Rising Pune Supergiant,field,N
1082616,0,Gujarat Lions,field,N
1082617,0,Royal Challengers Bangalore,field,N
1082618,0,Mumbai Indians,field,N
1082620,0,Kolkata Knight Riders,field,N
1082621,0,Gujarat Lions,field,N
1082622,0,Kolkata Knight Riders,field,N
1082623,0,Kings XI Punjab,field,N
1082624,0,Royal Challengers Bangalore,field,N
1082625,0,Gujarat Lions,bat,Y
1082626,0,Kings XI Punjab,field,N
1082627,0,Kolkata Knight Riders,field,N
1082628,0,Royal Challengers Bangalore,bat,N
1082629,0,Rising Pune Supergiant,field,N
1082630,0,Delhi Daredevils,field,N
1082631,0,Rising Pune Supergiant,field,N
1082632,0,Delhi Daredevils,field,N
1082633,0,Royal Challengers Bangalore,field,N
1082634,0,Sunrisers Hyderabad,field,N
1082635,0,Delhi Daredevils,field,N
1082636,0,Kolkata Knight Riders,field,N
1082637,0,Gujarat Lions,field,N
1082638,0,Mumbai Indians,bat,N
1082639,0,Kolkata Knight Riders,field,N
1082640,0,Delhi Daredevils,field,N
1082641,0,Mumbai Indians,field,N
1082642,0,Delhi Daredevils,bat,N
1082643,0,Sunrisers Hyderabad,field,N
1082644,0,Kolkata Knight Riders,field,N
1082645,0,Rising Pune Supergiant,field,N
1082646,0,Royal Challengers Bangalore,bat,N
1082647,0,Mumbai Indians,field,N
1082648,0,Kolkata Knight Riders,field,N
1082649,0,Mumbai Indians,field,N
1082650,0,Mumbai Indians,bat,N
1136561,0,Chennai Super Kings,field,N
1136562,0,Kings XI Punjab,field,N
1136563,0,Kolkata Knight Riders,field,N
1136564,0,Sunrisers Hyderabad,field,N
1136565,0,Chennai Super Kings,field,N
1136566,0,Delhi Daredevils,field,N
1136567,0,Sunrisers Hyderabad,field,N
1136568,0,Royal Challengers Bangalore,field,N
1136569,0,Delhi Daredevils,field,N
1136570,0,Sunrisers Hyderabad,field,N
1136571,0,Royal Challengers Bangalore,field,N
1136572,0,Chennai Super Kings,field,N
1136573,0,Delhi Daredevils,field,N
1136574,0,Royal Challengers Bangalore,field,N
1136575,0,Kolkata Knight Riders,field,N
1136576,0,Kings XI Punjab,bat,N
1136577,0,Rajasthan Royals,field,N
1136578,0,Kings XI Punjab,field,N
1136579,0,Royal Challengers Bangalore,field,N
1136580,0,Sunrisers Hyderabad,field,N
1136581,0,Mumbai Indians,bat,N
1136582,0,Delhi Daredevils,field,N
1136583,0,Mumbai Indians,field,N
1136584,0,Chennai Super Kings,field,N
1136585,0,Kings XI Punjab,field,N
1136586,0,Kolkata Knight Riders,field,N
1136587,0,Mumbai Indians,field,N
1136588,0,Sunrisers Hyderabad,bat,N
1136589,0,Kolkata Knight Riders,field,N
1136590,0,Delhi Daredevils,field,N
1136591,0,Mumbai Indians,field,N
1136592,0,Rajasthan Royals,field,N
1136593,0,Kolkata Knight Riders,field,N
1136594,0,Mumbai Indians,field,N
1136595,0,Chennai Super Kings,field,N
1136596,0,Delhi Daredevils,bat,N
1136597,0,Kolkata Knight Riders,field,N
1136598,0,Kings XI Punjab,field,N
1136599,0,Royal Challengers Bangalore,field,N
1136600,0,Rajasthan Royals,bat,N
1136601,0,Kolkata Knight Riders,field,N
1136602,0,Delhi Daredevils,bat,N
1136603,0,Chennai Super Kings,bat,N
1136604,0,Kings XI Punjab,field,N
1136605,0,Royal Challengers Bangalore,field,N
1136606,0,Chennai Super Kings,field,N
1136607,0,Rajasthan Royals,field,N
1136608,0,Royal Challengers Bangalore,field,N
1136609,0,Kolkata Knight Riders,field,N
1136610,0,Kings XI Punjab,field,N
1136611,0,Sunrisers Hyderabad,field,N
1136612,0,Chennai Super Kings,field,N
1136613,0,Rajasthan Royals,bat,N
1136614,0,Sunrisers Hyderabad,bat,N
1136615,0,Delhi Daredevils,bat,N
1136616,0,Chennai Super Kings,field,N
1136617,0,Chennai Super Kings,field,N
1136618,0,Rajasthan Royals,field,N
1136619,0,Kolkata Knight Riders,field,N
1136620,0,Chennai Super Kings,field,N
1175356,0,Chennai Super Kings,field,N
1175357,0,Kolkata Knight Riders,field,N
1175358,0,Mumbai Indians,field,N
1175359,0,Rajasthan Royals,field,N
1175360,0,Delhi Capitals,bat,N
1175361,0,Kings XI Punjab,field,N
1175362,0,Royal Challengers Bangalore,field,N
1175363,0,Rajasthan Royals,bat,N
1175364,0,Kings XI Punjab,field,N
1175365,0,Delhi Capitals,field,Y
1175366,0,Royal Challengers Bangalore,field,N
1175367,0,Rajasthan Royals,field,N
1175368,0,Delhi Capitals,field,N
1175369,0,Rajasthan Royals,field,N
1175370,0,Chennai Super Kings,field,N
1175371,0,Sunrisers Hyderabad,field,N
1175372,0,Kolkata Knight Riders,field,N
1178393,0,Chennai Super Kings,bat,N
1178394,0,Sunrisers Hyderabad,field,N
1178395,0,Delhi Capitals,field,N
1178396,0,Kolkata Knight Riders,field,N
1178397,0,Kings XI Punjab,field,N
1178398,0,Chennai Super Kings,field,N
1178399,0,Mumbai Indians,field,N
1178400,0,Chennai Super Kings,field,N
1178401,0,Delhi Capitals,field,N
1178402,0,Rajasthan Royals,field,N
1178403,0,Royal Challengers Bangalore,field,N
1178404,0,Chennai Super Kings,field,N
1178405,0,Sunrisers Hyderabad,field,N
1178406,0,Mumbai Indians,field,N
1178407,0,Rajasthan Royals,field,N
1178408,0,Chennai Super Kings,bat,N
1178409,0,Mumbai Indians,bat,N
1178410,0,Kolkata Knight Riders,field,N
1178411,0,Rajasthan Royals,field,N
1178412,0,Delhi Capitals,field,N
1178413,0,Sunrisers Hyderabad,field,N
1178414,0,Chennai Super Kings,field,N
1178415,0,Delhi Capitals,field,N
1178416,0,Chennai Super Kings,field,N
1178417,0,Kings XI Punjab,field,N
1178418,0,Rajasthan Royals,field,N
1178419,0,Chennai Super Kings,field,N
1178420,0,Rajasthan Royals,field,N
1178421,0,Delhi Capitals,bat,N
1178422,0,Mumbai Indians,field,N
1178423,0,Kings XI Punjab,field,N
1178424,0,Rajasthan Royals,field,NA
1178425,0,Delhi Capitals,field,N
1178426,0,Mumbai Indians,bat,Y
1178427,0,Kolkata Knight Riders,field,N
1178428,0,Rajasthan Royals,bat,N
1178429,0,Royal Challengers Bangalore,field,N
1178430,0,Kings XI Punjab,field,N
1178431,0,Mumbai Indians,field,N
1181764,0,Chennai Super Kings,bat,N
1181766,0,Delhi Capitals,field,N
1181767,0,Chennai Super Kings,field,N
1181768,0,Mumbai Indians,bat,N
1216492,0,Chennai Super Kings,field,N
1216493,0,Kings XI Punjab,field,Y
1216494,0,Kolkata Knight Riders,bat,N
1216495,0,Sunrisers Hyderabad,field,N
1216496,0,Chennai Super Kings,field,N
1216497,0,Delhi Capitals,field,N
1216498,0,Sunrisers Hyderabad,field,N
1216499,0,Mumbai Indians,field,N
1216500,0,Rajasthan Royals,field,N
1216501,0,Kolkata Knight Riders,bat,N
1216502,0,Sunrisers Hyderabad,field,N
1216503,0,Kings XI Punjab,field,N
1216504,0,Rajasthan Royals,field,N
1216505,0,Delhi Capitals,field,N
1216506,0,Chennai Super Kings,field,N
1216507,0,Sunrisers Hyderabad,bat,N
1216508,0,Kolkata Knight Riders,field,N
1216509,0,Chennai Super Kings,bat,N
1216510,0,Royal Challengers Bangalore,field,N
1216511,0,Mumbai Indians,bat,N
1216512,0,Sunrisers Hyderabad,field,Y
1216513,0,Kings XI Punjab,bat,N
1216514,0,Rajasthan Royals,bat,N
1216515,0,Kolkata Knight Riders,field,N
1216516,0,Sunrisers Hyderabad,bat,N
1216517,0,Mumbai Indians,bat,Y
1216518,0,Sunrisers Hyderabad,field,N
1216519,0,Royal Challengers Bangalore,field,N
1216520,0,Kings XI Punjab,field,N
1216521,0,Mumbai Indians,field,N
1216522,0,Rajasthan Royals,bat,N
1216523,0,Kolkata Knight Riders,bat,N
1216524,0,Delhi Capitals,field,N
1216525,0,Royal Challengers Bangalore,bat,N
1216526,0,Kolkata Knight Riders,bat,N
1216527,0,Rajasthan Royals,field,N
1216528,0,Chennai Super Kings,bat,N
1216529,0,Delhi Capitals,bat,N
1216530,0,Rajasthan Royals,field,N
1216531,0,Royal Challengers Bangalore,bat,N
1216532,0,Delhi Capitals,field,N
1216533,0,Chennai Super Kings,bat,N
1216534,0,Sunrisers Hyderabad,field,N
1216535,0,Mumbai Indians,field,N
1216536,0,Chennai Super Kings,field,N
1216537,0,Rajasthan Royals,field,N
1216538,0,Mumbai Indians,bat,N
1216539,0,Chennai Super Kings,field,N
1216540,0,Royal Challengers Bangalore,bat,N
1216541,0,Mumbai Indians,bat,N
1216542,0,Sunrisers Hyderabad,bat,N
1216543,0,Delhi Capitals,bat,N
1216544,0,Royal Challengers Bangalore,bat,N
1216545,0,Sunrisers Hyderabad,bat,N
1216546,0,Delhi Capitals,bat,N
1216547,0,Mumbai Indians,field,Y
1237177,0,Delhi Capitals,field,N
1237178,0,Sunrisers Hyderabad,field,N
1237180,0,Delhi Capitals,bat,N
1237181,0,Delhi Capitals,bat,N
1254058,1,Royal Challengers Bangalore,bat,N
1254059,1,Delhi Capitals,bat,N
1254060,1,Sunrisers Hyderabad,field,N
1254061,1,Rajasthan Royals,field,N
1254062,1,Kolkata Knight Riders,field,N
1254063,1,Sunrisers Hyderabad,field,N
1254064,1,Rajasthan Royals,field,N
1254065,1,Chennai Super Kings,field,N
1254066,1,Mumbai Indians,bat,N
1254067,1,Royal Challengers Bangalore,bat,N
1254068,1,Delhi Capitals,field,N
1254069,1,Rajasthan Royals,field,N
1254070,1,Mumbai Indians,bat,N
1254071,1,Punjab Kings,bat,N
1254072,1,Kolkata Knight Riders,field,N
1254073,1,Royal Challengers Bangalore,field,N
1254074,1,Punjab Kings,field,N
